{
  "I0": 75,
  "alpha": [
    0.0,
    9.0,
    18.0,
    27.0,
    36.0,
    45.0,
    54.0,
    63.0,
    72.0,
    81.0,
    90.0,
    99.0,
    108.0,
    117.0,
    126.0,
    135.0,
    144.0,
    153.0,
    162.0,
    171.0,
    180.0
  ],
  "T": [
    -0.032924980560902185,
    -1.7004942417715296,
    -1.2990402143102793,
    1.6797195197675423,
    6.390255020019523,
    12.201676800357248,
    21.578199531100033,
    33.71866066872172,
    47.13292803019956,
    60.769761018866575,
    73.77178121307531,
    85.36869009632689,
    94.99832200746712,
    101.71578169788592,
    104.1787004775424,
    100.95837216337095,
    91.56176676747856,
    75.97432975678174,
    54.35129004802772,
    28.283364921236615,
    0.034366054360900025
  ]
}