{
  "I0": 100,
  "alpha": [
    0.0,
    9.0,
    18.0,
    27.0,
    36.0,
    45.0,
    54.0,
    63.0,
    72.0,
    81.0,
    90.0,
    99.0,
    108.0,
    117.0,
    126.0,
    135.0,
    144.0,
    153.0,
    162.0,
    171.0,
    180.0
  ],
  "T": [
    0.007911217348710042,
    -3.5427851993676014,
    -4.179075299024104,
    -1.1614439912360792,
    5.078126384517667,
    13.382843862177264,
    25.007206936273487,
    41.939536255149754,
    60.622868754191295,
    79.44952769396515,
    97.34162169206913,
    113.5834884159768,
    127.4758789160404,
    138.0425231420271,
    143.62392390702672,
    142.240005709592,
    131.0138281699953,
    109.52386017768376,
    78.48359528067328,
    40.4955083202032,
    -0.029887891979206382
  ]
}