{
  "I0": 150,
  "alpha": [
    0.0,
    9.0,
    18.0,
    27.0,
    36.0,
    45.0,
    54.0,
    63.0,
    72.0,
    81.0,
    90.0,
    99.0,
    108.0,
    117.0,
    126.0,
    135.0,
    144.0,
    153.0,
    162.0,
    171.0,
    180.0
  ],
  "T": [
    -0.07334937072763599,
    -5.467550035618568,
    -7.8428461581677045,
    -6.1987852641628685,
    0.7432640267593857,
    14.0660115438024,
    32.31728824228304,
    57.344070400617035,
    83.28473651892392,
    109.12056903256952,
    134.81946581547191,
    160.447800481086,
    184.70380189714655,
    205.1151811348824,
    218.16152468208503,
    221.4498554754801,
    210.91769381465545,
    179.00035641584753,
    127.61699174795568,
    65.84336671042115,
    -0.03913132025381447
  ]
}