{
  "I0": 200,
  "alpha": [
    0.0,
    9.0,
    18.0,
    27.0,
    36.0,
    45.0,
    54.0,
    63.0,
    72.0,
    81.0,
    90.0,
    99.0,
    108.0,
    117.0,
    126.0,
    135.0,
    144.0,
    153.0,
    162.0,
    171.0,
    180.0
  ],
  "T": [
    -0.049246919080195024,
    -5.917499529389416,
    -9.734592125384816,
    -9.479784406054176,
    -2.916045124347403,
    13.657923938713472,
    38.79880023393502,
    69.0741926119323,
    99.048369902424,
    130.65403751375072,
    164.30509858189728,
    199.08727690034047,
    232.2865433359796,
    258.4338913724965,
    276.89919689698394,
    287.27784866486513,
    283.8874953935793,
    247.50090233042232,
    176.31070703108807,
    91.3345689026788,
    -0.1425135610566832
  ]
}