{
  "I0": 125,
  "alpha": [
    0.0,
    9.0,
    18.0,
    27.0,
    36.0,
    45.0,
    54.0,
    63.0,
    72.0,
    81.0,
    90.0,
    99.0,
    108.0,
    117.0,
    126.0,
    135.0,
    144.0,
    153.0,
    162.0,
    171.0,
    180.0
  ],
  "T": [
    -0.013239688400248008,
    -4.795752973323396,
    -6.275068364805048,
    -3.9567028486678706,
    2.843262961418653,
    14.025263021647952,
    28.984716421260934,
    50.167070837897995,
    73.23244600169274,
    95.79647663458888,
    117.78922755761016,
    138.56776871492207,
    157.62600680365713,
    172.98588475340864,
    182.03211753394072,
    182.76394677780831,
    171.22082420536472,
    144.2478707223744,
    103.0541344663428,
    52.88797176986975,
    -0.03050164196192491
  ]
}