{
  "I0": 250,
  "alpha": [
    0.0,
    9.0,
    18.0,
    27.0,
    36.0,
    45.0,
    54.0,
    63.0,
    72.0,
    81.0,
    90.0,
    99.0,
    108.0,
    117.0,
    126.0,
    135.0,
    144.0,
    153.0,
    162.0,
    171.0,
    180.0
  ],
  "T": [
    -0.04521521960294076,
    -5.962577265948069,
    -10.473824229713024,
    -11.641711751540528,
    -5.532568262865435,
    13.612008844093488,
    44.42492468976493,
    78.31791111094707,
    112.79897421676873,
    150.085616796606,
    191.3003439959424,
    234.2641950444984,
    272.0472486679505,
    300.95735130672654,
    323.0710551426419,
    338.10804001382945,
    340.7245181267476,
    308.0655823641161,
    222.38708022646304,
    114.9063428739276,
    -0.13264172677547953
  ]
}