{
  "I0": 50,
  "alpha": [
    0.0,
    9.0,
    18.0,
    27.0,
    36.0,
    45.0,
    54.0,
    63.0,
    72.0,
    81.0,
    90.0,
    99.0,
    108.0,
    117.0,
    126.0,
    135.0,
    144.0,
    153.0,
    162.0,
    171.0,
    180.0
  ],
  "T": [
    0.0012265573969065865,
    0.2347618163452883,
    0.9787614417454248,
    2.772590969269076,
    6.136408247754052,
    11.680661520781689,
    18.45393184673032,
    26.05918116769084,
    34.128402123381214,
    42.256409880651745,
    49.885126721953675,
    56.52491952989262,
    61.458834849488255,
    64.09411483753547,
    63.9207600546886,
    60.627577633404385,
    54.10976850723167,
    44.32644155453476,
    31.49864122772533,
    16.388057997960857,
    -0.03868632537799616
  ]
}